[
    {   
        "name": "Boss",
        "id": "956628645919735808",
        "level": 4
    },
    {   
        "name": "Underboss",
        "id": "956628487505084477",
        "level": 3
    },
    {   
        "name": "Captain",
        "id": "956628979501137940",
        "level": 2
    },
    {
        "name": "Made Woman",
        "id": "956631378617856000",
        "level": 1
    },
    {
        "name": "Made Man",
        "id": "956629374034133022",
        "level": 1
    },
    {
        "name": "Helper",
        "id": "956625735303438376",
        "level": 0
    }
]